emotion,energy,liveness,tempo,speechiness,acousticness,instrumentalness,danceability,duration_ms,loudness,valence
Aggressive,0.5677685668381305,0.06439559756891755,0.08884650330746693,0.5801294498277512,-0.19586864875428456,-0.13934842428916747,0.283103806572785,0.09385430167512632,0.2526107355019311,-0.43554118814572546
Dark,-0.36916126203350447,-0.010836341109531902,-0.053483214346933636,-0.11994765751939027,0.2992759145842024,-0.6634171940133924,-0.3297642500570683,0.2878465213621165,0.18468551735852973,-0.3780192833443864
Energetic,0.41803944548850314,0.09911768747815983,0.049743038276620195,-0.13924579639968568,-0.5275072768918182,0.3528345798994982,-0.2545382152502872,0.2992235022155556,0.09325301066923969,0.37956288863201215
Happy,-0.19949016386935972,-0.0575710629099546,0.1248298056388082,-0.23827873659701654,0.05667687879010455,-0.2278250070778366,0.6752236204677967,-0.11965427992731825,0.03721367667951637,0.7247354211584225
Relaxing,-0.41715658642376935,-0.09510588102759039,-0.20993613287596177,-0.08265725931165835,0.3674231322717956,0.6777560454808984,-0.3740249617332265,-0.56127004532548,-0.5677629402092171,-0.2907378383003232
